Model,Validation Accuracy,ROC AUC
CNN-LSTM,0.8282406330108643,0.9099413340718521
LSTM,0.8324999809265137,0.914074434510231
GRU,0.4984937608242035,0.5000712180950937
